Vos Gert;98,00%;Geslaagd
Vos Gert;98,00%;Geslaagd
Vos Gert;98,00%;Geslaagd
Vos Gert;98,00%;Geslaagd
Vos Gert;98,00%;Geslaagd
Vos Gert;98,00%;Geslaagd
Vos Gert;98,00%;Geslaagd
Vos Gert;98,00%;Geslaagd
Vos Gert;98,00%;Geslaagd
Vos Gert;98,00%;Geslaagd
Vos Gert;98,00%;Geslaagd
Vos Gert;98,00%;Geslaagd
Vos Gert;98,00%;Geslaagd
Vos Gert;98,00%;Geslaagd
Vos Gert;98,00%;Geslaagd
Vos Gert;98,00%;Geslaagd
Vos Gert;98,00%;Geslaagd
Vos Gert;98,00%;Geslaagd
Vos Gert;98,00%;Geslaagd
Vos Gert;98,00%;Geslaagd
Vos Gert;98,00%;Geslaagd
Vos Gert;98,00%;Geslaagd
Vos Gert;98,00%;Geslaagd
Vos Gert;98,00%;Geslaagd
Vos Gert;98,00%;Geslaagd
Vos Gert;98,00%;Geslaagd
Vos Gert;98,00%;Geslaagd
